{"cameraMode":{"drawMode":2,"name":"Shaded Wireframe","section":"Shading Mode"},"sceneLighting":true,"audioPlay":false,"sceneViewState":{"m_AlwaysRefresh":false,"showFog":true,"showSkybox":true,"showFlares":true,"showImageEffects":true,"showParticleSystems":true,"showVisualEffectGraphs":true,"m_FxEnabled":true},"in2DMode":false,"pivot":{"x":0.40407827496528628,"y":6.911084175109863,"z":1.8706350326538087},"rotation":{"x":0.420049786567688,"y":0.002179519273340702,"z":-0.0010054938029497862,"w":0.9075080752372742},"size":28.734519958496095,"orthographic":true}